{
	"pattrstorage" : 	{
		"name" : "mySynth",
		"slots" : 		{
			"1" : 			{
				"id" : 1,
				"data" : 				{
					"bp.Keyboard::pitch" : [ 0.583333333333334 ],
					"bp.Keyboard::patcher::velocity" : [ 1.309752619505239 ],
					"bp.Keyboard::patcher[1]::gate" : [ 0 ],
					"bp.Keyboard::KeyboardMode" : [ 0.0 ],
					"bp.Keyboard::MIDIPort" : [ "to Max 1" ],
					"bp.Keyboard::Octave" : [ 0.0 ],
					"bp.Keyboard::RepeatInterval" : [ 250.0 ],
					"bp.Keyboard::kslider" : [ -1 ],
					"bp.Keyboard::live.text" : [ 1.0 ],
					"bp.Keyboard::octave" : [ 2.0 ],
					"bp.Keyboard::velocity" : [ 64 ],
					"bp.Oscillator::CV2" : [ 0.0 ],
					"bp.Oscillator::CV3" : [ 0.0 ],
					"bp.Oscillator::Freq" : [ 261.625565410470585 ],
					"bp.Oscillator::FreqMode" : [ 1.0 ],
					"bp.Oscillator::Linear" : [ 0.0 ],
					"bp.Oscillator::Mute" : [ 0.0 ],
					"bp.Oscillator::Offset" : [ 0.0 ],
					"bp.Oscillator::PW" : [ 40.157480314960623 ],
					"bp.Oscillator::PWM" : [ 59.055118110236258 ],
					"bp.Oscillator::Waveform" : [ 3.0 ],
					"bp.Big Scope::Lock" : [ 1.0 ],
					"bp.Big Scope::Points" : [ 1221.540496044761539 ],
					"bp.Big Scope::divide" : [ 0.0 ],
					"bp.Big Scope::multiply" : [ 0.0 ],
					"bp.Stereo::DSP" : [ 1.0 ],
					"bp.Stereo::Level" : [ -17.033304716981142 ],
					"bp.Stereo::Mute" : [ 0.0 ],
					"bp.Stereo::OutputChannel" : [ 0.0 ],
					"bp.LFO::Frequency" : [ 1.0 ],
					"bp.LFO::Mute" : [ 0.0 ],
					"bp.VCA::Bypass" : [ 0.0 ],
					"bp.VCA::Quadrants" : [ 0.0 ],
					"bp.VCA::Response" : [ 0.0 ],
					"bp.Graphic ADSR::Domain" : [ 7704.454890859766238 ],
					"bp.Graphic ADSR::DomainCV_Amt" : [ 0.0 ],
					"bp.Graphic ADSR::function" : [ 7704.0, 0.0, 1.0, 0.0, 0.0, 0, 0.0, 431.666450916476151, 1.0, 0, 0.395, 3021.67730954320723, 0.936170212765957, 2, -0.345, 7504.388504069908777, 0.0, 0, -0.7, "curve" ],
					"bp.Graphic ADSR::mute" : [ 0.0 ],
					"bp.Classroom Filter::CV1" : [ 0.0 ],
					"bp.Classroom Filter::CV2" : [ 0.0 ],
					"bp.Classroom Filter::CV3" : [ 0.0 ],
					"bp.Classroom Filter::Freq" : [ 962.439660290342545 ],
					"bp.Classroom Filter::Gain" : [ 1.0 ],
					"bp.Classroom Filter::Resonance" : [ 3.875441731302518 ],
					"bp.Classroom Filter::filter_mode" : [ 0.0 ],
					"bp.Classroom Filter::power[1]" : [ 0.0 ],
					"bp.Classroom Filter::spectral" : [ 0.0 ],
					"bp.Oscillator[1]::CV2" : [ 0.0 ],
					"bp.Oscillator[1]::CV3" : [ 0.0 ],
					"bp.Oscillator[1]::Freq" : [ 130.812782778483324 ],
					"bp.Oscillator[1]::FreqMode" : [ 1.0 ],
					"bp.Oscillator[1]::Linear" : [ 0.0 ],
					"bp.Oscillator[1]::Mute" : [ 0.0 ],
					"bp.Oscillator[1]::Offset" : [ -12.0 ],
					"bp.Oscillator[1]::PW" : [ 50.0 ],
					"bp.Oscillator[1]::PWM" : [ 0.0 ],
					"bp.Oscillator[1]::Waveform" : [ 2.0 ],
					"bp.Signal Mixer::in3" : [ 0.0 ],
					"bp.Signal Mixer::in4" : [ 0.0 ],
					"bp.Signal Mixer::live.dial" : [ 0.354330708661417 ],
					"bp.Signal Mixer::live.dial[1]" : [ 0.614173228346456 ],
					"bp.Signal Mixer::power[1]" : [ 0.0 ],
					"bp.Big Scope[1]::Lock" : [ 1.0 ],
					"bp.Big Scope[1]::Points" : [ 3679.999962565104852 ],
					"bp.Big Scope[1]::divide" : [ 0.0 ],
					"bp.Big Scope[1]::multiply" : [ 0.0 ]
				}

			}
,
			"2" : 			{
				"id" : 2,
				"data" : 				{
					"bp.Keyboard::pitch" : [ 1.0 ],
					"bp.Keyboard::patcher::velocity" : [ 0.379750759501519 ],
					"bp.Keyboard::patcher[1]::gate" : [ 0 ],
					"bp.Keyboard::KeyboardMode" : [ 0.0 ],
					"bp.Keyboard::MIDIPort" : [ "to Max 1" ],
					"bp.Keyboard::Octave" : [ 0.0 ],
					"bp.Keyboard::RepeatInterval" : [ 250.0 ],
					"bp.Keyboard::kslider" : [ -1 ],
					"bp.Keyboard::live.text" : [ 1.0 ],
					"bp.Keyboard::octave" : [ 2.0 ],
					"bp.Keyboard::velocity" : [ 64 ],
					"bp.Oscillator::CV2" : [ 0.0 ],
					"bp.Oscillator::CV3" : [ 0.0 ],
					"bp.Oscillator::Freq" : [ 261.625565410470585 ],
					"bp.Oscillator::FreqMode" : [ 1.0 ],
					"bp.Oscillator::Linear" : [ 0.0 ],
					"bp.Oscillator::Mute" : [ 0.0 ],
					"bp.Oscillator::Offset" : [ 0.0 ],
					"bp.Oscillator::PW" : [ 40.157480314960623 ],
					"bp.Oscillator::PWM" : [ 59.055118110236258 ],
					"bp.Oscillator::Waveform" : [ 3.0 ],
					"bp.Big Scope::Lock" : [ 1.0 ],
					"bp.Big Scope::Points" : [ 917.444184042435836 ],
					"bp.Big Scope::divide" : [ 0.0 ],
					"bp.Big Scope::multiply" : [ 0.0 ],
					"bp.Stereo::DSP" : [ 1.0 ],
					"bp.Stereo::Level" : [ -17.033304716981142 ],
					"bp.Stereo::Mute" : [ 0.0 ],
					"bp.Stereo::OutputChannel" : [ 0.0 ],
					"bp.LFO::Frequency" : [ 1.0 ],
					"bp.LFO::Mute" : [ 0.0 ],
					"bp.VCA::Bypass" : [ 0.0 ],
					"bp.VCA::Quadrants" : [ 0.0 ],
					"bp.VCA::Response" : [ 0.0 ],
					"bp.Graphic ADSR::Domain" : [ 7704.454890859766238 ],
					"bp.Graphic ADSR::DomainCV_Amt" : [ 0.0 ],
					"bp.Graphic ADSR::function" : [ 7704.0, 0.0, 1.0, 0.0, 0.0, 0, 0.0, 431.666450916476151, 1.0, 0, 0.395, 3021.67730954320723, 0.936170212765957, 2, -0.345, 7504.388504069908777, 0.0, 0, -0.7, "curve" ],
					"bp.Graphic ADSR::mute" : [ 0.0 ],
					"bp.Classroom Filter::CV1" : [ 0.0 ],
					"bp.Classroom Filter::CV2" : [ 0.0 ],
					"bp.Classroom Filter::CV3" : [ 0.0 ],
					"bp.Classroom Filter::Freq" : [ 20.0 ],
					"bp.Classroom Filter::Gain" : [ 1.0 ],
					"bp.Classroom Filter::Resonance" : [ 0.588678679200634 ],
					"bp.Classroom Filter::filter_mode" : [ 0.0 ],
					"bp.Classroom Filter::power[1]" : [ 0.0 ],
					"bp.Classroom Filter::spectral" : [ 0.0 ],
					"bp.Oscillator[1]::CV2" : [ 0.0 ],
					"bp.Oscillator[1]::CV3" : [ 0.0 ],
					"bp.Oscillator[1]::Freq" : [ 130.812782778483324 ],
					"bp.Oscillator[1]::FreqMode" : [ 1.0 ],
					"bp.Oscillator[1]::Linear" : [ 0.0 ],
					"bp.Oscillator[1]::Mute" : [ 0.0 ],
					"bp.Oscillator[1]::Offset" : [ -12.0 ],
					"bp.Oscillator[1]::PW" : [ 50.0 ],
					"bp.Oscillator[1]::PWM" : [ 0.0 ],
					"bp.Oscillator[1]::Waveform" : [ 2.0 ],
					"bp.Signal Mixer::in3" : [ 0.0 ],
					"bp.Signal Mixer::in4" : [ 0.0 ],
					"bp.Signal Mixer::live.dial" : [ 0.354330708661417 ],
					"bp.Signal Mixer::live.dial[1]" : [ 0.614173228346456 ],
					"bp.Signal Mixer::power[1]" : [ 0.0 ],
					"bp.Big Scope[1]::Lock" : [ 1.0 ],
					"bp.Big Scope[1]::Points" : [ 3660.000104713442852 ],
					"bp.Big Scope[1]::divide" : [ 0.0 ],
					"bp.Big Scope[1]::multiply" : [ 0.0 ]
				}

			}

		}

	}

}
