{
	"pattrstorage" : 	{
		"name" : "songs",
		"slots" : 		{
			"1" : 			{
				"id" : 1,
				"data" : 				{
					"gate1" : [ 1 ],
					"gate2" : [ 1 ],
					"gate3" : [ 1 ],
					"gate4" : [ 1 ],
					"gate5" : [ 1 ],
					"gate6" : [ 1 ],
					"gate7" : [ 1 ],
					"gate8" : [ 0 ],
					"note1" : [ 52 ],
					"note2" : [ 55 ],
					"note3" : [ 57 ],
					"note4" : [ 60 ],
					"note5" : [ 59 ],
					"note6" : [ 55 ],
					"note7" : [ 57 ],
					"note8" : [ 0 ]
				}

			}
,
			"2" : 			{
				"id" : 2,
				"data" : 				{
					"gate1" : [ 1 ],
					"gate2" : [ 1 ],
					"gate3" : [ 1 ],
					"gate4" : [ 1 ],
					"gate5" : [ 1 ],
					"gate6" : [ 1 ],
					"gate7" : [ 1 ],
					"gate8" : [ 0 ],
					"note1" : [ 40 ],
					"note2" : [ 43 ],
					"note3" : [ 45 ],
					"note4" : [ 48 ],
					"note5" : [ 47 ],
					"note6" : [ 43 ],
					"note7" : [ 45 ],
					"note8" : [ 0 ]
				}

			}

		}

	}

}
